id,first_name,last_name,email,gender,ip_address
1,Barn,Earney,bearney0@google.co.uk,Male,113.91.42.167
2,Dido,Fowls,dfowls1@reuters.com,Female,82.88.6.181
3,Rhiamon,Jandel,rjandel2@npr.org,Female,125.5.69.144
4,Theodor,Douty,tdouty3@eepurl.com,Male,171.66.236.201
5,Dania,Gerrit,dgerrit4@woothemes.com,Female,108.242.234.146
6,Tony,Loude,tloude5@plala.or.jp,Male,101.47.115.58
7,Abigail,Nunnerley,anunnerley6@miibeian.gov.cn,Female,247.120.221.84
8,Nance,Sterke,nsterke7@goo.gl,Female,64.49.38.207
9,Magdalen,Cochrane,mcochrane8@java.com,Female,249.136.119.8
10,Elfie,Pottell,epottell9@typepad.com,Female,246.42.35.160
11,Karyn,Hanbidge,khanbidgea@squidoo.com,Female,233.232.245.172
12,Terrijo,Maginot,tmaginotb@t-online.de,Female,159.147.38.88
13,Nikolaos,Bissiker,nbissikerc@ask.com,Male,73.4.163.85
14,Basilius,MacGaughie,bmacgaughied@nyu.edu,Male,179.104.182.177
15,Electra,Verlander,everlandere@webs.com,Female,96.156.27.78
16,Darrick,Haggarty,dhaggartyf@dailymail.co.uk,Male,87.130.151.135
17,Brendis,Attryde,battrydeg@over-blog.com,Male,141.155.8.176
18,Dorri,Berendsen,dberendsenh@telegraph.co.uk,Female,190.22.111.240
19,Packston,Eede,peedei@redcross.org,Male,193.231.43.44
20,Lorna,Ambrogiotti,lambrogiottij@icq.com,Female,243.206.233.71
21,Wolf,Southerton,wsouthertonk@time.com,Male,84.138.39.194
22,Arin,Smallwood,asmallwoodl@elegantthemes.com,Male,3.154.9.107
23,Martainn,Bangiard,mbangiardm@wp.com,Male,113.8.172.108
24,Bondon,Priden,bpridenn@discuz.net,Male,146.216.225.201
25,Lenora,Andover,landovero@wikispaces.com,Female,6.33.15.23
26,Kelwin,Maund,kmaundp@state.tx.us,Male,91.150.159.73
27,Kathie,Graysmark,kgraysmarkq@craigslist.org,Female,33.102.136.24
28,Emmery,Fiander,efianderr@businessweek.com,Male,53.96.207.38
29,Kimbra,Bernt,kbernts@weather.com,Female,75.97.129.31
30,Gustave,Blanch,gblancht@dot.gov,Male,36.26.223.60
31,Edgardo,Foulstone,efoulstoneu@skyrock.com,Male,7.180.146.55
32,Rozalie,Riedel,rriedelv@wordpress.com,Female,164.12.208.186
33,Teddy,Fardoe,tfardoew@amazonaws.com,Male,75.228.22.5
34,Marylinda,Pashler,mpashlerx@mapy.cz,Female,104.87.110.70
35,Carmelle,McCathay,cmccathayy@seattletimes.com,Female,249.76.89.36
36,Wake,Litherland,wlitherlandz@cnet.com,Male,14.136.105.153
37,Alfred,Huniwall,ahuniwall10@hao123.com,Male,235.155.207.60
38,Augie,Welds,awelds11@seattletimes.com,Male,11.31.110.116
39,Reuben,Goscar,rgoscar12@slate.com,Male,192.34.67.108
40,Phillip,Bails,pbails13@apple.com,Male,165.173.112.134
41,Gawen,Tennock,gtennock14@over-blog.com,Male,39.173.196.148
42,Jeremias,Seegar,jseegar15@a8.net,Male,36.106.94.234
43,Arlen,Nisbet,anisbet16@qq.com,Female,167.154.93.6
44,Georges,Paterson,gpaterson17@is.gd,Male,39.76.253.62
45,Amalia,Seeley,aseeley18@w3.org,Female,66.83.57.166
46,Darrin,Wisedale,dwisedale19@oakley.com,Male,253.166.80.183
47,Lannie,Kyd,lkyd1a@imgur.com,Male,217.141.201.188
48,Thorny,Van der Spohr,tvanderspohr1b@opensource.org,Male,207.231.23.186
49,Francyne,Bowdidge,fbowdidge1c@mac.com,Female,38.19.206.58
50,Bella,Coady,bcoady1d@drupal.org,Female,20.202.217.184
51,Nevin,Millichap,nmillichap1e@cbslocal.com,Male,105.36.159.237
52,Consalve,Beedell,cbeedell1f@is.gd,Male,159.26.73.201
53,Hermon,Colvill,hcolvill1g@ow.ly,Male,99.18.22.150
54,Vinny,Vedeneev,vvedeneev1h@constantcontact.com,Male,107.13.43.48
55,Nestor,Mathonnet,nmathonnet1i@angelfire.com,Male,79.151.96.213
56,Biron,Keys,bkeys1j@nationalgeographic.com,Male,116.215.239.21
57,Caralie,McBrier,cmcbrier1k@aboutads.info,Female,144.3.32.166
58,Tally,Rosenauer,trosenauer1l@elegantthemes.com,Female,173.230.231.26
59,Chaddie,Lomaz,clomaz1m@ebay.com,Male,28.124.19.44
60,Elnar,Large,elarge1n@opera.com,Male,55.133.166.31
61,Haskell,Shorthill,hshorthill1o@wikimedia.org,Male,216.55.155.206
62,Angele,Forde,aforde1p@ask.com,Female,176.189.0.80
63,Clo,Adcocks,cadcocks1q@google.es,Female,98.180.68.180
64,Fawn,Gwinnel,fgwinnel1r@barnesandnoble.com,Female,140.202.19.171
65,Edita,Bryer,ebryer1s@globo.com,Female,58.149.225.249
66,Stanford,Bitten,sbitten1t@moonfruit.com,Male,50.58.19.255
67,Josie,Udall,judall1u@cargocollective.com,Female,118.226.242.82
68,Roby,Burndred,rburndred1v@pbs.org,Female,94.95.220.200
69,Wakefield,Plumtree,wplumtree1w@umich.edu,Male,249.173.224.69
70,Eugine,Shoebrook,eshoebrook1x@cdbaby.com,Female,18.0.66.42
71,Thatch,Booty,tbooty1y@loc.gov,Male,144.136.249.96
72,Mac,Broom,mbroom1z@topsy.com,Male,119.141.91.85
73,Angel,Bustard,abustard20@ucoz.ru,Male,105.73.188.158
74,Katharina,Doogue,kdoogue21@facebook.com,Female,86.74.100.96
75,Gwenore,Smitheram,gsmitheram22@ihg.com,Female,86.200.155.69
76,Adlai,Phetteplace,aphetteplace23@buzzfeed.com,Male,44.25.238.80
77,Pearla,Kornalik,pkornalik24@hp.com,Female,42.149.8.136
78,Gannon,Irnis,girnis25@pbs.org,Male,105.11.171.69
79,Isabella,Brain,ibrain26@nps.gov,Female,112.231.134.204
80,Barnabe,Alf,balf27@indiatimes.com,Male,10.44.57.186
81,Arel,Heintzsch,aheintzsch28@yolasite.com,Male,8.43.39.153
82,Cathie,Welford,cwelford29@flavors.me,Female,55.82.160.234
83,Cullie,Lamonby,clamonby2a@sogou.com,Male,57.24.133.147
84,Giacobo,Andress,gandress2b@youku.com,Male,68.94.100.7
85,Halsey,Crichley,hcrichley2c@time.com,Male,129.214.3.43
86,Melisse,Messham,mmessham2d@slashdot.org,Female,216.234.180.184
87,Cheslie,Comsty,ccomsty2e@sphinn.com,Female,20.141.253.150
88,Theo,Poxton,tpoxton2f@vinaora.com,Female,38.168.151.157
89,Della,Drewet,ddrewet2g@bigcartel.com,Female,240.175.187.0
90,Vic,Randall,vrandall2h@fc2.com,Male,185.160.182.54
91,Harp,Heinsh,hheinsh2i@geocities.com,Male,143.99.219.190
92,Adamo,Forrington,aforrington2j@telegraph.co.uk,Male,221.22.131.248
93,Addy,McQuorkel,amcquorkel2k@ask.com,Female,159.110.37.66
94,Cacilie,Drexel,cdrexel2l@youtu.be,Female,214.87.51.238
95,Claire,Langstrath,clangstrath2m@a8.net,Male,37.252.21.206
96,Ophelie,Verbruggen,overbruggen2n@bloglovin.com,Female,227.222.4.201
97,Padgett,Steeples,psteeples2o@slashdot.org,Male,178.44.32.197
98,Dick,Learoid,dlearoid2p@prweb.com,Male,27.7.244.152
99,Felice,Jandl,fjandl2q@mozilla.com,Male,105.52.54.16
100,Ingrim,Minton,iminton2r@narod.ru,Male,82.48.145.109
101,Hersch,Annets,hannets2s@phoca.cz,Male,221.219.75.63
102,Babs,Solan,bsolan2t@issuu.com,Female,250.248.16.105
103,Heidie,Stear,hstear2u@cisco.com,Female,227.117.36.203
104,Virginia,Robertucci,vrobertucci2v@fotki.com,Female,250.106.144.29
105,Keely,Yelland,kyelland2w@discovery.com,Female,58.169.37.44
106,Mallory,Sawnwy,msawnwy2x@arizona.edu,Male,55.105.186.155
107,Winn,Tweddell,wtweddell2y@mozilla.com,Male,33.130.137.158
108,Bernard,Gillie,bgillie2z@hud.gov,Male,193.43.155.6
109,Taite,Vautier,tvautier30@usda.gov,Male,66.171.215.121
110,Rosana,Wilflinger,rwilflinger31@unesco.org,Female,41.24.110.185
111,Marcello,Bellfield,mbellfield32@deliciousdays.com,Male,46.56.233.43
112,Artemis,Riccetti,ariccetti33@deliciousdays.com,Male,253.236.170.96
113,Jacinta,Campos,jcampos34@nps.gov,Female,11.211.188.226
114,Celeste,MacMakin,cmacmakin35@princeton.edu,Female,44.231.148.137
115,Kristofor,Ickov,kickov36@livejournal.com,Male,28.41.51.231
116,Benedetta,Hinder,bhinder37@indiatimes.com,Female,132.245.64.1
117,Dav,Hegge,dhegge38@smugmug.com,Male,232.134.245.129
118,Delphine,Melchior,dmelchior39@taobao.com,Female,21.110.185.40
119,Kathye,Polle,kpolle3a@virginia.edu,Female,4.156.101.105
120,Harrietta,Hirth,hhirth3b@amazon.de,Female,26.254.97.75
121,Aurelea,Audley,aaudley3c@ovh.net,Female,131.169.34.218
122,Hestia,Lensch,hlensch3d@instagram.com,Female,56.245.138.29
123,Juline,Tamsett,jtamsett3e@hao123.com,Female,73.216.8.164
124,Haley,Tipperton,htipperton3f@mysql.com,Male,115.39.10.71
125,Phineas,Tidbald,ptidbald3g@state.gov,Male,91.241.206.86
126,Graeme,Hassur,ghassur3h@loc.gov,Male,84.42.85.94
127,Elden,Pettinger,epettinger3i@uol.com.br,Male,47.14.114.76
128,Demott,Smead,dsmead3j@spiegel.de,Male,242.245.54.18
129,Rosemarie,Fuke,rfuke3k@webnode.com,Female,218.84.172.251
130,Morten,MacAndie,mmacandie3l@rakuten.co.jp,Male,120.208.100.119
131,Lewiss,Niblett,lniblett3m@irs.gov,Male,70.24.145.25
132,Aurore,Glenton,aglenton3n@smugmug.com,Female,253.36.130.153
133,Rosaline,Grayshon,rgrayshon3o@myspace.com,Female,134.17.144.85
134,Mordy,Bourget,mbourget3p@cmu.edu,Male,201.56.47.79
135,Sherlock,Beneze,sbeneze3q@mapquest.com,Male,68.245.156.113
136,Iolande,Mabson,imabson3r@reuters.com,Female,166.22.121.191
137,Rafaelita,Avison,ravison3s@psu.edu,Female,134.141.175.152
138,Moise,Standing,mstanding3t@barnesandnoble.com,Male,143.235.135.158
139,Eldon,Teece,eteece3u@opera.com,Male,61.82.184.223
140,Rebekkah,Nickels,rnickels3v@shinystat.com,Female,55.248.25.184
141,Lauri,MacLardie,lmaclardie3w@mail.ru,Female,243.11.97.55
142,Shepard,Sainthill,ssainthill3x@howstuffworks.com,Male,21.223.5.78
143,Octavius,Butt Gow,obuttgow3y@jiathis.com,Male,192.166.46.234
144,Doralyn,Bonnaire,dbonnaire3z@purevolume.com,Female,108.232.220.55
145,Jewel,Zupo,jzupo40@rambler.ru,Female,202.162.132.233
146,Ruby,Goldes,rgoldes41@un.org,Female,12.212.184.233
147,Domini,Wardrope,dwardrope42@dell.com,Female,118.64.166.102
148,Rafaello,Matthewes,rmatthewes43@indiegogo.com,Male,100.212.182.234
149,Arvy,Manass,amanass44@homestead.com,Male,90.149.79.40
150,Ozzie,Culshaw,oculshaw45@hhs.gov,Male,51.243.28.52
151,Addie,Braunthal,abraunthal46@ox.ac.uk,Male,144.14.94.131
152,Renell,Hurrion,rhurrion47@arizona.edu,Female,211.125.246.60
153,Cointon,Frazier,cfrazier48@free.fr,Male,161.24.46.194
154,Weylin,Jacobsson,wjacobsson49@gnu.org,Male,99.130.41.45
155,Maia,Cawker,mcawker4a@ycombinator.com,Female,127.114.255.40
156,Olenolin,Skechley,oskechley4b@diigo.com,Male,73.180.248.135
157,Seamus,Hunnawill,shunnawill4c@auda.org.au,Male,3.46.64.126
158,Lil,Eyckelbeck,leyckelbeck4d@yandex.ru,Female,218.172.85.212
159,Vikki,Meadowcroft,vmeadowcroft4e@barnesandnoble.com,Female,219.10.5.149
160,Cecil,McPhate,cmcphate4f@exblog.jp,Female,99.145.129.88
161,Germain,Deas,gdeas4g@google.es,Female,129.233.90.193
162,Lanni,Heinle,lheinle4h@blogtalkradio.com,Female,163.225.203.239
163,Malynda,Egdal,megdal4i@photobucket.com,Female,108.63.27.226
164,Almeda,Soots,asoots4j@mayoclinic.com,Female,255.105.21.16
165,Ivory,Celler,iceller4k@pbs.org,Female,144.203.182.168
166,Brnaby,Jeacocke,bjeacocke4l@princeton.edu,Male,128.89.25.227
167,Orion,Graffham,ograffham4m@blogs.com,Male,68.229.233.243
168,Reider,Boyle,rboyle4n@sohu.com,Male,243.61.71.235
169,Dieter,Masdin,dmasdin4o@intel.com,Male,162.134.38.151
170,Frederich,Somerton,fsomerton4p@cisco.com,Male,134.95.188.78
171,Donavon,Trevna,dtrevna4q@washingtonpost.com,Male,244.248.165.111
172,Garwin,Piche,gpiche4r@homestead.com,Male,167.114.14.60
173,Mack,Perry,mperry4s@flickr.com,Male,180.6.231.33
174,Dennet,Scandrite,dscandrite4t@list-manage.com,Male,105.244.122.157
175,Vittoria,Alp,valp4u@seattletimes.com,Female,206.189.28.149
176,Lebbie,Mechem,lmechem4v@clickbank.net,Female,38.171.135.76
177,Kaspar,Devanny,kdevanny4w@symantec.com,Male,118.40.112.249
178,Blanch,Tungay,btungay4x@blogspot.com,Female,227.18.230.63
179,Fernanda,Nenci,fnenci4y@geocities.com,Female,37.23.239.201
180,Zia,Catto,zcatto4z@microsoft.com,Female,45.177.215.76
181,Sibbie,Culy,sculy50@themeforest.net,Female,206.66.66.75
182,Glory,Keighly,gkeighly51@a8.net,Female,79.162.187.166
183,Nataniel,Glynn,nglynn52@wikia.com,Male,88.74.16.238
184,Cecilio,Winstanley,cwinstanley53@acquirethisname.com,Male,153.103.199.70
185,Lissi,Clemanceau,lclemanceau54@vistaprint.com,Female,90.203.162.5
186,Morgen,Calvert,mcalvert55@xing.com,Male,189.81.202.84
187,Perkin,Frantz,pfrantz56@e-recht24.de,Male,148.238.14.67
188,Loella,Goss,lgoss57@prnewswire.com,Female,115.133.164.228
189,Lissy,Dudill,ldudill58@ft.com,Female,219.19.154.23
190,Cacilie,Klaff,cklaff59@hexun.com,Female,182.70.114.206
191,Adlai,Matthai,amatthai5a@mayoclinic.com,Male,222.155.58.161
192,Patricia,Accomb,paccomb5b@google.pl,Female,141.35.45.181
193,Cordey,Straffon,cstraffon5c@sina.com.cn,Female,88.112.110.103
194,Phillip,Mee,pmee5d@alexa.com,Male,23.122.182.66
195,Eadmund,Eagleston,eeagleston5e@ask.com,Male,147.44.177.210
196,Mufinella,Foulkes,mfoulkes5f@ebay.com,Female,52.95.253.218
197,Aviva,Cason,acason5g@dion.ne.jp,Female,129.2.9.213
198,Belvia,Cartin,bcartin5h@dmoz.org,Female,195.196.84.208
199,Geri,Sprouls,gsprouls5i@exblog.jp,Female,209.13.172.251
200,Rebecca,Sherrum,rsherrum5j@ca.gov,Female,233.56.124.182
201,Elbert,Simonutti,esimonutti5k@reddit.com,Male,128.173.156.253
202,Arvie,Sorrell,asorrell5l@pcworld.com,Male,112.150.208.167
203,Dell,Duferie,dduferie5m@barnesandnoble.com,Female,166.180.13.189
204,Wallie,MacDougal,wmacdougal5n@linkedin.com,Male,16.207.94.215
205,Bryan,Paulucci,bpaulucci5o@gov.uk,Male,14.4.66.3
206,Reece,Libermore,rlibermore5p@apache.org,Male,25.128.42.89
207,Sarina,Cassella,scassella5q@feedburner.com,Female,239.12.143.43
208,Shana,Priestner,spriestner5r@soup.io,Female,49.228.118.247
209,Libbey,Padbury,lpadbury5s@merriam-webster.com,Female,253.239.65.6
210,Shaylyn,Pinar,spinar5t@ihg.com,Female,33.122.121.214
211,Dannel,MacKegg,dmackegg5u@omniture.com,Male,172.203.104.32
212,Guillaume,Pregal,gpregal5v@unicef.org,Male,220.64.57.187
213,Beulah,Kelmere,bkelmere5w@prnewswire.com,Female,92.230.196.58
214,Vicky,Tunnick,vtunnick5x@dion.ne.jp,Female,108.70.18.172
215,Minnaminnie,Morena,mmorena5y@netscape.com,Female,133.148.152.128
216,Christophorus,Benwell,cbenwell5z@simplemachines.org,Male,209.210.230.39
217,Kingsly,Heinish,kheinish60@prnewswire.com,Male,91.16.108.75
218,Min,Pitbladdo,mpitbladdo61@sun.com,Female,252.67.163.207
219,Keri,Skelton,kskelton62@time.com,Female,120.102.234.200
220,Shae,Tyrie,styrie63@amazon.co.jp,Female,150.76.142.195
221,Washington,Itshak,witshak64@disqus.com,Male,197.216.239.169
222,Ivan,Gosse,igosse65@ca.gov,Male,209.173.235.118
223,Burg,Wrankmore,bwrankmore66@youtube.com,Male,131.224.101.179
224,Roslyn,Tackett,rtackett67@last.fm,Female,114.117.2.226
225,Gregorio,Sambrook,gsambrook68@tuttocitta.it,Male,73.33.196.12
226,Margarette,Martell,mmartell69@topsy.com,Female,18.231.128.25
227,Miles,Worham,mworham6a@constantcontact.com,Male,182.196.99.125
228,Doroteya,Jowling,djowling6b@cam.ac.uk,Female,26.32.78.2
229,Holt,Ellar,hellar6c@uol.com.br,Male,172.217.32.109
230,Becca,Barniss,bbarniss6d@businessweek.com,Female,236.225.56.174
231,Louis,Jeffcoat,ljeffcoat6e@skype.com,Male,49.13.214.246
232,Harp,Gyves,hgyves6f@etsy.com,Male,220.237.221.232
233,Camella,Labb,clabb6g@unicef.org,Female,96.130.123.75
234,Barnebas,Anderbrugge,banderbrugge6h@auda.org.au,Male,159.198.56.198
235,Sean,Dodds,sdodds6i@reuters.com,Male,42.64.130.252
236,Amos,Dresser,adresser6j@reverbnation.com,Male,9.162.251.44
237,Dagny,Field,dfield6k@wunderground.com,Male,97.27.232.178
238,Burton,Ervin,bervin6l@berkeley.edu,Male,226.180.72.197
239,Engracia,Breitling,ebreitling6m@zimbio.com,Female,66.160.98.151
240,Julian,Jeans,jjeans6n@seattletimes.com,Male,35.188.100.255
241,Kattie,Randals,krandals6o@nih.gov,Female,96.112.155.211
242,Nance,Camplejohn,ncamplejohn6p@statcounter.com,Female,1.54.101.132
243,Dodi,Pischel,dpischel6q@hugedomains.com,Female,77.23.81.231
244,Malynda,Chatel,mchatel6r@upenn.edu,Female,89.47.173.230
245,Cori,Siddele,csiddele6s@hatena.ne.jp,Male,167.43.117.180
246,Trula,Deverose,tdeverose6t@qq.com,Female,246.55.199.42
247,Kelly,MacMurray,kmacmurray6u@paypal.com,Male,88.221.103.157
248,Vi,De Hoogh,vdehoogh6v@bigcartel.com,Female,8.198.182.85
249,Kelbee,McLevie,kmclevie6w@wikia.com,Male,171.120.93.141
250,Cleopatra,O'Cleary,cocleary6x@hexun.com,Female,188.186.142.220
251,Janella,Kershaw,jkershaw6y@nps.gov,Female,97.157.179.122
252,Virginia,Cawthera,vcawthera6z@aboutads.info,Female,201.21.62.40
253,Hatty,Bonellie,hbonellie70@hibu.com,Female,36.175.116.240
254,Domeniga,Jouanot,djouanot71@army.mil,Female,206.250.161.180
255,Lorant,Chicchelli,lchicchelli72@yellowbook.com,Male,174.241.76.20
256,Evin,Oloshin,eoloshin73@spiegel.de,Male,136.131.206.221
257,Twyla,Bengtson,tbengtson74@nba.com,Female,220.210.189.58
258,Jamesy,Dulwich,jdulwich75@blogger.com,Male,138.77.116.109
259,Emylee,Reims,ereims76@jalbum.net,Female,176.39.89.161
260,Cristionna,Lante,clante77@ebay.co.uk,Female,121.13.209.40
261,Marylynne,Iacapucci,miacapucci78@clickbank.net,Female,203.222.77.172
262,Ree,Sands,rsands79@prlog.org,Female,166.236.208.30
263,Osmond,Pamphilon,opamphilon7a@cnbc.com,Male,61.230.137.244
264,Yolanda,Antonin,yantonin7b@google.com.au,Female,202.132.90.228
265,Linette,Duffree,lduffree7c@dropbox.com,Female,154.204.227.140
266,Ashil,Jebb,ajebb7d@npr.org,Female,255.254.130.196
267,Ilaire,Primmer,iprimmer7e@last.fm,Male,214.43.180.10
268,Herve,Hernik,hhernik7f@tiny.cc,Male,245.126.145.52
269,Knox,Rottger,krottger7g@theguardian.com,Male,2.183.119.144
270,Levi,Sworn,lsworn7h@webeden.co.uk,Male,83.128.30.224
271,Eliot,McJarrow,emcjarrow7i@vkontakte.ru,Male,226.205.74.78
272,Marni,Toffalo,mtoffalo7j@github.com,Female,105.226.97.107
273,Gianni,Stocking,gstocking7k@weibo.com,Male,215.94.51.176
274,Nev,Feathersby,nfeathersby7l@plala.or.jp,Male,1.56.64.95
275,Lowell,Grievson,lgrievson7m@nba.com,Male,83.225.105.151
276,Anton,Joint,ajoint7n@posterous.com,Male,187.51.103.137
277,Drud,Eastman,deastman7o@simplemachines.org,Male,36.193.105.93
278,Tomasina,Hooke,thooke7p@cargocollective.com,Female,132.17.177.193
279,Mamie,Ebhardt,mebhardt7q@engadget.com,Female,231.155.140.153
280,Emlyn,Bartelet,ebartelet7r@bizjournals.com,Female,60.155.84.35
281,Dione,Moen,dmoen7s@slideshare.net,Female,235.244.178.125
282,Henry,Organer,horganer7t@huffingtonpost.com,Male,52.94.64.156
283,Brier,De Bernardis,bdebernardis7u@jiathis.com,Female,26.227.46.242
284,Angelique,Grishanin,agrishanin7v@apple.com,Female,136.91.241.155
285,Angy,Liptrod,aliptrod7w@foxnews.com,Female,250.109.142.69
286,Hinze,Everex,heverex7x@answers.com,Male,249.45.183.164
287,Mufi,Airdrie,mairdrie7y@privacy.gov.au,Female,51.34.158.12
288,Roxie,Phelit,rphelit7z@disqus.com,Female,41.208.244.222
289,Katee,Spurnier,kspurnier80@live.com,Female,94.32.85.87
290,Penny,Haugeh,phaugeh81@gravatar.com,Male,124.73.23.86
291,Nonnah,Guidera,nguidera82@netvibes.com,Female,205.41.202.47
292,Iorgo,Mewton,imewton83@yelp.com,Male,4.218.10.51
293,Harcourt,Cattermull,hcattermull84@sbwire.com,Male,207.88.141.181
294,Chantalle,Grute,cgrute85@webnode.com,Female,73.213.253.117
295,Riane,Spancock,rspancock86@europa.eu,Female,64.129.39.31
296,Neel,Clausen,nclausen87@google.nl,Male,123.196.162.15
297,Adey,Petett,apetett88@infoseek.co.jp,Female,147.164.225.208
298,Berrie,Egar,begar89@omniture.com,Female,180.105.120.4
299,Haily,Cloute,hcloute8a@scientificamerican.com,Female,107.155.170.167
300,Jud,Tuckwell,jtuckwell8b@theguardian.com,Male,234.249.95.65
301,Kahlil,Lockwood,klockwood8c@dailymail.co.uk,Male,29.45.129.46
302,Niki,Brockman,nbrockman8d@wp.com,Female,173.178.77.232
303,Denver,Orton,dorton8e@adobe.com,Male,212.1.105.132
304,Tabb,Gredden,tgredden8f@dagondesign.com,Male,131.224.144.238
305,Doroteya,Christley,dchristley8g@gravatar.com,Female,129.46.168.95
306,Nero,Kleinholz,nkleinholz8h@theatlantic.com,Male,221.158.149.34
307,Kelsey,Gilding,kgilding8i@gnu.org,Male,104.94.67.219
308,Yuma,Burberye,yburberye8j@jigsy.com,Male,162.140.138.156
309,Louella,Greated,lgreated8k@twitpic.com,Female,17.2.81.135
310,Gerrie,Fishpond,gfishpond8l@bloglines.com,Male,249.83.23.33
311,Arlana,Osment,aosment8m@nbcnews.com,Female,226.75.173.7
312,Adrianna,Gyngyll,agyngyll8n@ocn.ne.jp,Female,202.189.170.193
313,Nickolai,Binding,nbinding8o@google.com.hk,Male,230.13.58.5
314,Daphna,Hutcheons,dhutcheons8p@blogs.com,Female,29.47.197.225
315,Alicia,Greader,agreader8q@examiner.com,Female,144.97.20.162
316,Christoph,Larsen,clarsen8r@dailymotion.com,Male,89.0.53.77
317,Berkly,Jaynes,bjaynes8s@usgs.gov,Male,22.26.164.163
318,Wendie,Hillock,whillock8t@berkeley.edu,Female,138.100.254.6
319,Delphine,Abbado,dabbado8u@addtoany.com,Female,80.141.130.2
320,Clotilda,Flower,cflower8v@psu.edu,Female,149.89.131.133
321,Simone,Scaife,sscaife8w@addtoany.com,Female,248.118.103.116
322,Derby,Maffioletti,dmaffioletti8x@ftc.gov,Male,76.23.93.55
323,Christoforo,Miguet,cmiguet8y@xing.com,Male,59.155.193.95
324,Christa,Greenman,cgreenman8z@surveymonkey.com,Female,228.243.109.189
325,Bellina,Marousek,bmarousek90@altervista.org,Female,72.78.58.204
326,Daron,Berendsen,dberendsen91@harvard.edu,Female,67.137.159.144
327,Harmonia,Brewer,hbrewer92@clickbank.net,Female,143.65.205.223
328,Rea,Millwall,rmillwall93@umn.edu,Female,254.238.146.221
329,Waldon,Nolder,wnolder94@ifeng.com,Male,190.88.113.142
330,Deane,Clementucci,dclementucci95@zdnet.com,Male,2.32.25.94
331,Robbie,Hardy-Piggin,rhardypiggin96@freewebs.com,Female,87.255.76.22
332,Octavius,Harris,oharris97@epa.gov,Male,243.129.65.161
333,Adena,Branford,abranford98@nba.com,Female,176.68.35.249
334,Ermin,Iddins,eiddins99@tinyurl.com,Male,114.158.88.173
335,Alia,Pask,apask9a@about.com,Female,255.78.135.233
336,Rudie,Demangeot,rdemangeot9b@time.com,Male,67.9.241.223
337,Erik,O'Shee,eoshee9c@sun.com,Male,168.122.28.228
338,Rosalind,Crab,rcrab9d@dell.com,Female,56.200.236.58
339,Luis,Grishaev,lgrishaev9e@smh.com.au,Male,241.189.92.134
340,Carlie,Kull,ckull9f@techcrunch.com,Male,212.17.250.1
341,Broderick,Costellow,bcostellow9g@wp.com,Male,91.25.61.48
342,Mimi,Carwithen,mcarwithen9h@hhs.gov,Female,242.249.173.230
343,Robin,Gasquoine,rgasquoine9i@zdnet.com,Male,135.173.116.220
344,Mick,Poole,mpoole9j@flavors.me,Male,214.44.150.212
345,Frederich,Cohane,fcohane9k@github.com,Male,240.3.179.226
346,Dee dee,McGall,dmcgall9l@tuttocitta.it,Female,107.187.183.207
347,Frederic,Baack,fbaack9m@accuweather.com,Male,81.42.194.150
348,Issy,Reignould,ireignould9n@yelp.com,Female,142.100.148.63
349,Birgitta,Wasbey,bwasbey9o@goo.gl,Female,170.28.184.11
350,El,Winborn,ewinborn9p@linkedin.com,Male,167.188.11.12
351,Dorita,Giacopelo,dgiacopelo9q@blogger.com,Female,84.114.235.103
352,Noam,Gawthrope,ngawthrope9r@meetup.com,Male,160.161.156.225
353,Lindsay,Charrier,lcharrier9s@state.gov,Female,157.74.123.4
354,Arnold,Delcastel,adelcastel9t@salon.com,Male,129.169.125.239
355,Riccardo,Redmore,rredmore9u@friendfeed.com,Male,167.127.172.198
356,Colan,Gilhoolie,cgilhoolie9v@mapquest.com,Male,30.250.233.40
357,Reeva,Snarr,rsnarr9w@unblog.fr,Female,165.13.91.31
358,Herc,MacCosty,hmaccosty9x@hatena.ne.jp,Male,191.75.30.167
359,Brooks,Kohn,bkohn9y@berkeley.edu,Female,164.144.133.141
360,Alexandros,Janota,ajanota9z@opera.com,Male,62.150.11.174
361,Tracy,Clee,tcleea0@who.int,Male,80.88.20.193
362,Catarina,Woollacott,cwoollacotta1@nbcnews.com,Female,178.110.54.220
363,Garfield,Wooddisse,gwooddissea2@typepad.com,Male,180.227.135.230
364,Mackenzie,Manna,mmannaa3@pbs.org,Male,154.196.26.240
365,Shelley,Wemes,swemesa4@networkadvertising.org,Male,137.35.229.9
366,Joli,Dimock,jdimocka5@ezinearticles.com,Female,227.42.116.23
367,Lyn,Cowx,lcowxa6@merriam-webster.com,Male,12.171.0.190
368,Grover,Dracey,gdraceya7@1und1.de,Male,40.52.195.115
369,Tedie,Yter,tytera8@friendfeed.com,Male,157.206.71.132
370,Minetta,Eakly,meaklya9@ameblo.jp,Female,101.18.103.25
371,Shaine,Wethers,swethersaa@stumbleupon.com,Male,64.16.100.96
372,Mariam,Senecaux,msenecauxab@bigcartel.com,Female,221.50.176.65
373,Austin,Penhale,apenhaleac@nasa.gov,Male,188.5.217.128
374,Nessy,Rowthorne,nrowthornead@microsoft.com,Female,7.138.152.220
375,Dynah,Buckleigh,dbuckleighae@yandex.ru,Female,26.110.36.249
376,Devi,Bentje,dbentjeaf@vistaprint.com,Female,62.48.9.92
377,Florance,Oosthout de Vree,foosthoutdevreeag@storify.com,Female,240.89.144.50
378,Mylo,Mityakov,mmityakovah@nature.com,Male,153.60.245.121
379,Barrett,Winskill,bwinskillai@mit.edu,Male,239.65.164.203
380,Sonnnie,Bradman,sbradmanaj@google.es,Female,21.126.171.217
381,Martainn,Broy,mbroyak@virginia.edu,Male,205.111.207.19
382,Edythe,Tredwell,etredwellal@nbcnews.com,Female,244.129.122.41
383,Jodie,Beadel,jbeadelam@mail.ru,Male,129.110.29.176
384,Christie,Fifoot,cfifootan@pen.io,Male,160.11.214.214
385,Pegeen,Roz,prozao@clickbank.net,Female,166.106.152.255
386,Lilllie,Cropp,lcroppap@mashable.com,Female,131.125.45.15
387,Michelina,Beaumont,mbeaumontaq@dell.com,Female,8.196.70.154
388,Burch,Walthall,bwalthallar@com.com,Male,235.208.68.86
389,Gilberta,Chiplen,gchiplenas@skyrock.com,Female,144.254.89.137
390,Lambert,Lanning,llanningat@altervista.org,Male,117.166.135.72
391,Lavena,Rhymer,lrhymerau@twitpic.com,Female,148.141.213.158
392,Duff,Petel,dpetelav@simplemachines.org,Male,73.90.116.19
393,Stanislaus,Gouny,sgounyaw@tuttocitta.it,Male,244.70.221.53
394,Eleonore,O'Luby,eolubyax@hp.com,Female,155.56.205.14
395,Raviv,Foulstone,rfoulstoneay@wired.com,Male,178.3.158.119
396,Hastings,Yurukhin,hyurukhinaz@360.cn,Male,233.84.16.75
397,Dode,Goold,dgooldb0@edublogs.org,Female,126.150.128.245
398,Camilla,Veltmann,cveltmannb1@squidoo.com,Female,246.68.201.2
399,Lutero,Blackham,lblackhamb2@gnu.org,Male,98.52.233.73
400,Vania,Hurd,vhurdb3@intel.com,Female,160.207.125.94
401,Angelle,Jinkins,ajinkinsb4@epa.gov,Female,10.94.171.46
402,Hayes,Ginnelly,hginnellyb5@marketwatch.com,Male,96.161.183.136
403,Osbert,Pieche,opiecheb6@princeton.edu,Male,82.28.159.70
404,Parrnell,Peachman,ppeachmanb7@creativecommons.org,Male,30.153.170.122
405,Cale,Dewar,cdewarb8@pen.io,Male,178.31.141.228
406,Caresa,McShane,cmcshaneb9@indiatimes.com,Female,183.173.116.87
407,Willdon,Locarno,wlocarnoba@phoca.cz,Male,35.69.156.165
408,Arnie,Springer,aspringerbb@ebay.com,Male,232.182.227.220
409,Foss,Rowatt,frowattbc@va.gov,Male,165.213.18.51
410,Rad,Gonnelly,rgonnellybd@sakura.ne.jp,Male,100.210.201.72
411,Harp,Lynskey,hlynskeybe@hibu.com,Male,159.6.152.44
412,Hube,Locker,hlockerbf@dyndns.org,Male,176.25.36.73
413,Paxton,Stoggell,pstoggellbg@freewebs.com,Male,128.199.162.19
414,Mariele,Duckerin,mduckerinbh@icq.com,Female,39.92.188.159
415,Farris,Laxton,flaxtonbi@fema.gov,Male,204.21.191.204
416,Maxim,Gallichan,mgallichanbj@wisc.edu,Male,58.133.105.138
417,Ave,Bolte,aboltebk@phpbb.com,Male,244.5.123.216
418,Pierette,Paulazzi,ppaulazzibl@tiny.cc,Female,246.198.56.146
419,Reginauld,Abbatini,rabbatinibm@unicef.org,Male,71.213.217.239
420,Renaud,Gimblett,rgimblettbn@free.fr,Male,3.66.64.238
421,Dusty,Moulsdale,dmoulsdalebo@cpanel.net,Female,213.110.24.132
422,Paton,Fleury,pfleurybp@biglobe.ne.jp,Male,7.101.172.203
423,Adrien,Gouldie,agouldiebq@ucoz.com,Male,170.2.234.72
424,Derrek,Pamphilon,dpamphilonbr@so-net.ne.jp,Male,155.18.155.24
425,Shelton,Simounet,ssimounetbs@ucoz.com,Male,71.57.51.28
426,Goraud,Lewson,glewsonbt@chron.com,Male,123.26.197.179
427,Alard,Huxtable,ahuxtablebu@uol.com.br,Male,51.129.195.35
428,Neda,Richarz,nricharzbv@fc2.com,Female,161.180.57.118
429,Guthrie,Umney,gumneybw@shop-pro.jp,Male,213.62.17.57
430,Lyndy,Dikelin,ldikelinbx@ocn.ne.jp,Female,211.19.40.147
431,Maximo,Percy,mpercyby@dailymotion.com,Male,70.52.7.113
432,Armando,Suggate,asuggatebz@squarespace.com,Male,134.105.213.193
433,Shana,Orrah,sorrahc0@cafepress.com,Female,160.126.53.242
434,Mathilda,Seawright,mseawrightc1@independent.co.uk,Female,174.26.216.220
435,Kata,Coen,kcoenc2@biblegateway.com,Female,180.192.26.21
436,Jolynn,Tremathack,jtremathackc3@webmd.com,Female,199.29.113.195
437,Temp,Macconaghy,tmacconaghyc4@issuu.com,Male,194.72.27.25
438,Bengt,Plumstead,bplumsteadc5@blogs.com,Male,28.97.123.204
439,Vance,McIleen,vmcileenc6@tamu.edu,Male,193.162.21.205
440,Garrot,Selbie,gselbiec7@reference.com,Male,29.119.175.122
441,Marwin,Nunns,mnunnsc8@gmpg.org,Male,4.242.69.32
442,Levy,Weldrake,lweldrakec9@feedburner.com,Male,204.82.185.18
443,Duff,Sivills,dsivillsca@wp.com,Male,21.40.218.110
444,Lexis,Burges,lburgescb@is.gd,Female,48.5.31.81
445,Junina,Doeg,jdoegcc@opensource.org,Female,240.166.198.196
446,Chester,Brandsma,cbrandsmacd@constantcontact.com,Male,29.6.242.149
447,Danella,Robben,drobbence@pagesperso-orange.fr,Female,161.111.197.210
448,Athena,Hellard,ahellardcf@mysql.com,Female,50.165.238.22
449,Aubrette,Hebner,ahebnercg@artisteer.com,Female,109.255.9.28
450,Randi,Downing,rdowningch@tuttocitta.it,Male,221.5.82.245
451,Heath,Twatt,htwattci@studiopress.com,Female,240.247.154.107
452,Pen,Sifflett,psifflettcj@dell.com,Male,186.80.235.49
453,Trip,Osment,tosmentck@vkontakte.ru,Male,242.170.26.82
454,Bancroft,Brunet,bbrunetcl@who.int,Male,47.180.106.80
455,Meridith,Phizackarley,mphizackarleycm@cbc.ca,Female,180.139.203.153
456,Pattie,Miell,pmiellcn@csmonitor.com,Male,31.143.80.66
457,Helli,Broomhall,hbroomhallco@zimbio.com,Female,181.151.205.92
458,Armin,Deboo,adeboocp@reference.com,Male,109.236.67.182
459,Wes,Moore,wmoorecq@flickr.com,Male,19.224.81.29
460,Frasquito,Jandera,fjanderacr@fastcompany.com,Male,111.153.199.246
461,Kassandra,Tidswell,ktidswellcs@cdc.gov,Female,16.173.201.115
462,Vanessa,Saylor,vsaylorct@imageshack.us,Female,109.195.124.193
463,Lelia,Manicom,lmanicomcu@woothemes.com,Female,39.76.66.90
464,Rozamond,Wickenden,rwickendencv@ucoz.ru,Female,215.61.0.21
465,Valry,Matejka,vmatejkacw@noaa.gov,Female,28.238.187.141
466,Wittie,Kohn,wkohncx@angelfire.com,Male,253.219.194.248
467,Johnette,Gyse,jgysecy@51.la,Female,10.217.157.57
468,Rosanna,Bernardotti,rbernardotticz@slate.com,Female,77.200.23.48
469,Elias,Botterell,ebotterelld0@shop-pro.jp,Male,153.247.85.217
470,Garret,Jorck,gjorckd1@boston.com,Male,193.206.100.36
471,Donovan,Iacomelli,diacomellid2@hubpages.com,Male,114.82.64.38
472,Matilde,Cotterill,mcotterilld3@scientificamerican.com,Female,97.205.109.98
473,Gray,Heeney,gheeneyd4@geocities.jp,Female,168.177.5.239
474,Darill,Drewery,ddreweryd5@amazon.co.jp,Male,212.227.21.63
475,Darleen,Chatan,dchatand6@gravatar.com,Female,229.189.171.37
476,Vidovic,Muehle,vmuehled7@google.com.hk,Male,128.19.138.27
477,Jammal,Swin,jswind8@netlog.com,Male,137.83.91.222
478,Far,Chaudrelle,fchaudrelled9@usda.gov,Male,141.23.62.127
479,Bryn,Thorneloe,bthorneloeda@archive.org,Male,2.148.73.75
480,Lynnell,Guild,lguilddb@seesaa.net,Female,78.43.52.146
481,Kristofer,Inns,kinnsdc@boston.com,Male,70.176.189.110
482,Horton,Raft,hraftdd@ed.gov,Male,154.200.152.211
483,Ches,Bartholomaus,cbartholomausde@myspace.com,Male,166.77.94.180
484,Lincoln,Greenhouse,lgreenhousedf@diigo.com,Male,229.232.134.102
485,Torrance,Le Noury,tlenourydg@omniture.com,Male,244.40.225.162
486,Michel,Petrussi,mpetrussidh@creativecommons.org,Female,101.110.206.249
487,Jerome,Farncombe,jfarncombedi@icq.com,Male,160.252.77.82
488,Merv,McGlone,mmcglonedj@phoca.cz,Male,98.186.197.22
489,Bobine,Coonan,bcoonandk@taobao.com,Female,185.140.58.76
490,Lenard,Matzel,lmatzeldl@wordpress.org,Male,167.153.247.215
491,Siobhan,Goatcher,sgoatcherdm@paginegialle.it,Female,84.140.61.162
492,Gracie,Dunkerk,gdunkerkdn@ucsd.edu,Female,208.168.65.240
493,Tedd,Spincke,tspinckedo@bbc.co.uk,Male,97.142.240.196
494,Chauncey,Gherardi,cgherardidp@prweb.com,Male,56.192.194.186
495,Tito,Dosdill,tdosdilldq@spotify.com,Male,104.8.240.3
496,Napoleon,Bonicelli,nbonicellidr@drupal.org,Male,23.70.21.60
497,Bastian,Phair,bphairds@webs.com,Male,92.124.208.120
498,Stanford,Snarie,ssnariedt@ning.com,Male,70.21.220.136
499,Querida,Bullas,qbullasdu@wikispaces.com,Female,198.182.149.57
500,Granthem,Blazdell,gblazdelldv@arstechnica.com,Male,238.97.24.13
501,Pincas,Stallworthy,pstallworthydw@ted.com,Male,24.169.212.86
502,Ephrayim,Harberer,eharbererdx@macromedia.com,Male,75.62.244.2
503,Hubie,Kevlin,hkevlindy@ox.ac.uk,Male,5.26.192.0
504,Baxy,Teligin,bteligindz@msn.com,Male,172.65.204.194
505,Carlyle,Pepi,cpepie0@usa.gov,Male,92.34.216.246
506,Perl,Cottis,pcottise1@webeden.co.uk,Female,221.36.198.16
507,Michaela,Stannislawski,mstannislawskie2@nydailynews.com,Female,100.232.6.67
508,Hildegarde,Kernell,hkernelle3@tinyurl.com,Female,137.234.112.53
509,Lucais,Farrey,lfarreye4@shareasale.com,Male,198.4.142.254
510,Walton,Lorentz,wlorentze5@cbsnews.com,Male,82.3.242.117
511,Gwen,Rasell,graselle6@theatlantic.com,Female,178.23.42.45
512,Ansel,Napier,anapiere7@canalblog.com,Male,211.117.86.28
513,Arlinda,Sellor,asellore8@phpbb.com,Female,122.106.111.32
514,Palm,Bucksey,pbuckseye9@msu.edu,Male,83.130.185.201
515,Judas,Augar,jaugarea@flavors.me,Male,117.193.143.217
516,Erminia,Stoakley,estoakleyeb@blogtalkradio.com,Female,126.192.140.185
517,Sonya,Broadstock,sbroadstockec@blogtalkradio.com,Female,171.75.120.233
518,Jerad,Lemmer,jlemmered@bravesites.com,Male,150.74.26.133
519,Max,Niblo,mnibloee@cornell.edu,Male,195.160.121.174
520,Idette,Achrameev,iachrameevef@latimes.com,Female,16.237.44.204
521,Frannie,Skeel,fskeeleg@quantcast.com,Male,180.109.127.15
522,Margaretha,Offin,moffineh@yolasite.com,Female,215.166.28.255
523,Leigh,Beyne,lbeyneei@a8.net,Male,25.165.159.232
524,Oliy,Stoate,ostoateej@eepurl.com,Female,239.78.37.90
525,Jeromy,Petkov,jpetkovek@nifty.com,Male,203.46.72.25
526,Blithe,Abramson,babramsonel@nature.com,Female,95.18.233.214
527,Viviana,Ludvigsen,vludvigsenem@dyndns.org,Female,78.103.63.212
528,Robinetta,Salandino,rsalandinoen@fotki.com,Female,136.186.63.78
529,Tremayne,Ventham,tventhameo@blinklist.com,Male,219.93.29.129
530,Bevvy,Geach,bgeachep@prweb.com,Female,36.235.125.20
531,Olivero,Tench,otencheq@epa.gov,Male,217.159.135.46
532,Anna,Leadbeatter,aleadbeatterer@vkontakte.ru,Female,99.222.40.169
533,Keelia,Burrells,kburrellses@webnode.com,Female,38.116.155.99
534,Luke,Lyes,llyeset@cbsnews.com,Male,35.18.157.15
535,Brietta,Cootes,bcooteseu@washington.edu,Female,112.136.231.248
536,Kerianne,Stanesby,kstanesbyev@xing.com,Female,244.237.109.145
537,Elsi,Dewdney,edewdneyew@mashable.com,Female,213.29.147.210
538,Nomi,Boyington,nboyingtonex@slashdot.org,Female,168.110.145.50
539,Olav,Kuban,okubaney@dailymotion.com,Male,252.3.117.129
540,Ari,Pedrocco,apedroccoez@altervista.org,Male,18.174.67.2
541,Michele,Wyley,mwyleyf0@sina.com.cn,Male,202.253.155.97
542,Estrellita,McCutheon,emccutheonf1@wikimedia.org,Female,164.100.115.54
543,Pooh,Jorgesen,pjorgesenf2@about.me,Male,127.202.229.231
544,Car,Mundford,cmundfordf3@github.com,Male,201.157.230.126
545,Ruttger,Whartonby,rwhartonbyf4@nytimes.com,Male,245.49.254.199
546,Emmaline,Bolderstone,ebolderstonef5@yandex.ru,Female,177.83.38.139
547,Wye,de Almeida,wdealmeidaf6@mashable.com,Male,34.161.68.171
548,Florida,Rosenbaum,frosenbaumf7@shinystat.com,Female,155.155.2.161
549,Jaine,Ruggen,jruggenf8@whitehouse.gov,Female,2.250.25.129
550,Allayne,Gerasch,ageraschf9@wisc.edu,Male,233.137.180.252
551,Bordie,Nosworthy,bnosworthyfa@simplemachines.org,Male,126.105.206.156
552,Kent,Schwandner,kschwandnerfb@weather.com,Male,153.111.154.93
553,Ambros,Keeffe,akeeffefc@census.gov,Male,157.226.144.126
554,Wernher,Wollard,wwollardfd@nbcnews.com,Male,162.226.26.76
555,Tommie,Husselbee,thusselbeefe@weibo.com,Female,29.141.165.1
556,Gaby,Knappett,gknappettff@paypal.com,Male,1.61.143.107
557,Clifford,Jessen,cjessenfg@slate.com,Male,70.93.250.81
558,Isidro,Shovelbottom,ishovelbottomfh@purevolume.com,Male,215.121.77.54
559,Mar,Kapelhoff,mkapelhofffi@odnoklassniki.ru,Male,147.243.227.178
560,Reine,Doige,rdoigefj@nhs.uk,Female,5.226.213.16
561,Perry,Ditchburn,pditchburnfk@360.cn,Female,119.14.243.23
562,Carley,Simionato,csimionatofl@phoca.cz,Female,44.115.180.226
563,Victor,Lippitt,vlippittfm@netlog.com,Male,141.93.170.168
564,Lorenzo,Hucker,lhuckerfn@ycombinator.com,Male,186.224.206.234
565,Ame,Stanlock,astanlockfo@ustream.tv,Female,9.253.93.169
566,Tabbie,Depport,tdepportfp@addthis.com,Male,126.198.54.58
567,Janeta,Goaley,jgoaleyfq@xrea.com,Female,28.100.152.122
568,Goober,Thickin,gthickinfr@sphinn.com,Male,134.72.130.186
569,Rickey,Pentecost,rpentecostfs@elegantthemes.com,Male,167.195.39.136
570,Stafford,Nairn,snairnft@springer.com,Male,47.237.118.132
571,Julita,Illem,jillemfu@house.gov,Female,234.25.125.89
572,Desi,Greenstreet,dgreenstreetfv@msu.edu,Male,158.106.175.175
573,Shantee,Coop,scoopfw@cafepress.com,Female,50.92.88.82
574,Arlen,Rosekilly,arosekillyfx@gravatar.com,Male,164.62.64.220
575,Burton,Dunseath,bdunseathfy@hostgator.com,Male,180.109.46.47
576,Emlynne,Shingles,eshinglesfz@columbia.edu,Female,255.4.208.106
577,Derril,O' Mullane,domullaneg0@e-recht24.de,Male,247.67.247.143
578,Lowell,Blaylock,lblaylockg1@ustream.tv,Male,118.135.252.241
579,Cassius,Ziebart,cziebartg2@nymag.com,Male,221.224.87.75
580,Fayre,Tatam,ftatamg3@ftc.gov,Female,58.188.204.6
581,Zaria,Paxton,zpaxtong4@cdc.gov,Female,220.26.64.62
582,Briana,McQuarter,bmcquarterg5@pen.io,Female,243.95.17.45
583,Weider,Collcutt,wcollcuttg6@cyberchimps.com,Male,59.134.138.6
584,Dannel,Cuer,dcuerg7@free.fr,Male,36.111.225.102
585,Tiler,Bursell,tbursellg8@dropbox.com,Male,255.61.90.21
586,Bill,Richardeau,brichardeaug9@weebly.com,Female,143.143.57.205
587,Mose,Goad,mgoadga@google.fr,Male,12.119.56.91
588,Lock,Hedlestone,lhedlestonegb@blinklist.com,Male,81.209.71.130
589,Hillary,Roderighi,hroderighigc@ucoz.com,Female,179.144.113.57
590,Kellsie,Brehault,kbrehaultgd@t.co,Female,232.125.129.215
591,Tammy,Weigh,tweighge@icio.us,Female,96.233.50.124
592,Syd,Splain,ssplaingf@squidoo.com,Male,209.155.26.204
593,Chevy,Draper,cdrapergg@un.org,Male,233.6.6.153
594,Maude,Hookes,mhookesgh@upenn.edu,Female,87.159.178.74
595,Carlee,Golagley,cgolagleygi@miitbeian.gov.cn,Female,251.138.180.188
596,Porty,Gillan,pgillangj@chron.com,Male,144.154.63.57
597,Farlay,Pineaux,fpineauxgk@myspace.com,Male,213.177.90.72
598,Dorris,Daunter,ddauntergl@abc.net.au,Female,200.167.114.3
599,Bail,Chanson,bchansongm@apache.org,Male,148.39.84.60
600,Clifford,Rumsey,crumseygn@mashable.com,Male,113.148.90.46
601,Nedi,Halesworth,nhalesworthgo@skype.com,Female,21.0.225.69
602,Essy,Keeting,ekeetinggp@independent.co.uk,Female,204.190.220.109
603,Ardyth,Shillabeer,ashillabeergq@hibu.com,Female,81.109.53.242
604,Ingram,Simpson,isimpsongr@ucla.edu,Male,62.139.116.18
605,Veda,Nuemann,vnuemanngs@unc.edu,Female,242.10.42.253
606,Caesar,Paynes,cpaynesgt@cnbc.com,Male,36.89.6.242
607,Miller,Sicha,msichagu@sun.com,Male,141.76.93.146
608,Cornall,Licciardello,clicciardellogv@weibo.com,Male,52.87.148.118
609,Diego,Kasper,dkaspergw@economist.com,Male,100.64.113.133
610,Mathew,Menhci,mmenhcigx@vkontakte.ru,Male,126.201.206.201
611,Nikola,Ebbitt,nebbittgy@hao123.com,Male,31.106.206.51
612,Joye,Plover,jplovergz@washington.edu,Female,139.13.186.134
613,Mitchael,Andretti,mandrettih0@clickbank.net,Male,101.61.7.130
614,Ado,Stuer,astuerh1@indiegogo.com,Male,120.23.55.180
615,Debera,Derry,dderryh2@digg.com,Female,229.175.120.58
616,Link,Mitroshinov,lmitroshinovh3@zdnet.com,Male,90.74.238.66
617,Mela,Joyce,mjoyceh4@microsoft.com,Female,112.152.158.236
618,Cyrus,Gunson,cgunsonh5@xrea.com,Male,99.55.249.178
619,Simeon,Chestnut,schestnuth6@behance.net,Male,246.71.152.75
620,Isacco,Barnicott,ibarnicotth7@istockphoto.com,Male,104.106.163.191
621,Philis,Maiden,pmaidenh8@acquirethisname.com,Female,150.135.31.25
622,Kathy,Saben,ksabenh9@wufoo.com,Female,150.105.43.19
623,Elvis,Benge,ebengeha@vinaora.com,Male,186.37.48.232
624,Vinnie,Tearny,vtearnyhb@istockphoto.com,Male,192.55.45.240
625,Guilbert,Cicetti,gcicettihc@unesco.org,Male,170.39.160.59
626,Christoper,Beumant,cbeumanthd@un.org,Male,8.52.186.123
627,Tito,Welburn,twelburnhe@google.com.hk,Male,202.155.106.100
628,Isabel,Wewell,iwewellhf@comcast.net,Female,246.137.51.163
629,Durant,Judgkins,djudgkinshg@vistaprint.com,Male,232.136.131.222
630,Petrina,Jantzen,pjantzenhh@oakley.com,Female,174.65.56.195
631,Sergent,Albrecht,salbrechthi@dell.com,Male,35.157.251.160
632,York,Ware,ywarehj@youtu.be,Male,137.151.187.156
633,Fransisco,Ferschke,fferschkehk@fastcompany.com,Male,192.201.26.151
634,Gladi,Camillo,gcamillohl@ning.com,Female,0.149.166.128
635,Leontine,Durrance,ldurrancehm@devhub.com,Female,193.143.55.205
636,Kenyon,Barnhart,kbarnharthn@sbwire.com,Male,202.197.254.9
637,Etti,Frow,efrowho@twitpic.com,Female,245.124.59.232
638,Keenan,Nellies,knellieshp@irs.gov,Male,42.243.200.19
639,Gothart,Siddell,gsiddellhq@amazon.co.uk,Male,245.66.156.53
640,Levy,Willarton,lwillartonhr@upenn.edu,Male,239.29.111.233
641,Ahmed,Boxall,aboxallhs@telegraph.co.uk,Male,2.223.169.139
642,Geno,Zelland,gzellandht@accuweather.com,Male,59.183.50.27
643,Maurizio,Muldowney,mmuldowneyhu@friendfeed.com,Male,31.78.125.7
644,Kienan,Gofforth,kgofforthhv@paypal.com,Male,202.69.142.109
645,Korrie,Vials,kvialshw@senate.gov,Female,228.0.188.165
646,Gale,Pods,gpodshx@nih.gov,Male,125.106.82.177
647,Marwin,Yegorov,myegorovhy@wp.com,Male,226.44.75.18
648,Gael,Burdytt,gburdytthz@usnews.com,Male,72.180.248.178
649,Indira,Riolfi,iriolfii0@vk.com,Female,20.11.78.161
650,Harmonia,Senussi,hsenussii1@netlog.com,Female,150.212.184.226
651,Lettie,Winterburn,lwinterburni2@oracle.com,Female,160.75.220.138
652,Scarlett,Bastin,sbastini3@europa.eu,Female,124.125.151.3
653,Demetrius,Gheeorghie,dgheeorghiei4@edublogs.org,Male,33.222.204.62
654,Valle,Rapsey,vrapseyi5@nba.com,Male,63.45.162.166
655,Wald,Ruperti,wrupertii6@wordpress.org,Male,51.246.201.205
656,Cornela,Inott,cinotti7@sitemeter.com,Female,235.9.157.252
657,Knox,Espy,kespyi8@nbcnews.com,Male,161.146.70.237
658,Adaline,Walter,awalteri9@tiny.cc,Female,85.118.20.40
659,Erin,Costock,ecostockia@nyu.edu,Male,221.225.248.119
660,Reba,Clemence,rclemenceib@utexas.edu,Female,153.178.168.194
661,Henry,Limeburn,hlimeburnic@dropbox.com,Male,4.234.161.149
662,Agretha,Hallatt,ahallattid@nsw.gov.au,Female,133.161.177.189
663,Jeno,Brunroth,jbrunrothie@cocolog-nifty.com,Male,149.130.56.84
664,Mauricio,Macura,mmacuraif@ow.ly,Male,48.6.59.91
665,Coral,Camplejohn,ccamplejohnig@foxnews.com,Female,185.171.232.214
666,Anallise,Maha,amahaih@multiply.com,Female,80.231.163.239
667,Con,Mattiussi,cmattiussiii@patch.com,Female,249.0.229.71
668,Starr,McTrustey,smctrusteyij@chronoengine.com,Female,211.32.167.118
669,Moise,Clere,mclereik@ebay.com,Male,175.192.87.51
670,Fanny,Garrioch,fgarriochil@feedburner.com,Female,117.203.186.57
671,Jannel,Shenton,jshentonim@techcrunch.com,Female,87.85.193.250
672,Newton,Huckfield,nhuckfieldin@telegraph.co.uk,Male,31.127.161.103
673,Jennica,Sheers,jsheersio@whitehouse.gov,Female,91.41.202.109
674,Ricardo,Veld,rveldip@myspace.com,Male,220.41.75.64
675,Daisi,Mordan,dmordaniq@ebay.co.uk,Female,163.139.182.251
676,Cart,Chesswas,cchesswasir@instagram.com,Male,201.102.82.45
677,Mack,Harler,mharleris@phoca.cz,Male,126.127.90.250
678,Marven,Ryce,mryceit@t.co,Male,96.4.55.19
679,Vannie,Terron,vterroniu@virginia.edu,Female,75.107.90.27
680,Karleen,Gaine of England,kgaineofenglandiv@apple.com,Female,235.35.86.151
681,Ilse,Mettericke,imetterickeiw@t-online.de,Female,51.30.110.97
682,Corine,Kuhl,ckuhlix@sohu.com,Female,95.227.164.93
683,Emlyn,Cockitt,ecockittiy@bloglovin.com,Male,159.42.166.68
684,Joya,Marsy,jmarsyiz@gizmodo.com,Female,236.83.244.87
685,Danni,Diben,ddibenj0@mlb.com,Female,216.209.137.206
686,Almire,Stroton,astrotonj1@loc.gov,Female,95.217.194.229
687,Marmaduke,Hallet,mhalletj2@trellian.com,Male,245.34.178.40
688,Maryanne,Isaac,misaacj3@columbia.edu,Female,191.124.189.218
689,Zacharie,Emanuel,zemanuelj4@deliciousdays.com,Male,29.136.91.102
690,Renaud,Delicate,rdelicatej5@drupal.org,Male,11.53.189.111
691,Gerry,Valance,gvalancej6@exblog.jp,Female,22.148.136.86
692,Wyatan,Rimer,wrimerj7@acquirethisname.com,Male,199.53.220.114
693,Dorothee,Joseland,djoselandj8@skyrock.com,Female,24.224.58.240
694,Guglielmo,Beardon,gbeardonj9@biblegateway.com,Male,67.13.52.248
695,Avrit,Doncaster,adoncasterja@house.gov,Female,147.212.191.64
696,Renard,Gonsalvo,rgonsalvojb@sun.com,Male,242.234.137.147
697,Karilynn,Aubri,kaubrijc@accuweather.com,Female,117.205.74.229
698,Lark,Wattinham,lwattinhamjd@squidoo.com,Female,127.153.39.144
699,Genna,Corck,gcorckje@europa.eu,Female,92.232.31.72
700,Corabel,Beake,cbeakejf@alexa.com,Female,88.5.177.53
701,Hamil,Barracks,hbarracksjg@sciencedirect.com,Male,70.122.83.211
702,Leeann,Mushart,lmushartjh@tinyurl.com,Female,203.154.206.191
703,Karola,Millea,kmilleaji@tripod.com,Female,57.143.173.6
704,Sauncho,Stiegers,sstiegersjj@thetimes.co.uk,Male,123.52.105.23
705,Pam,Meeny,pmeenyjk@booking.com,Female,102.140.22.213
706,Irita,Rowles,irowlesjl@jiathis.com,Female,71.187.54.79
707,Joe,Bellefant,jbellefantjm@dailymotion.com,Male,75.131.97.114
708,Lemmie,Rawstorn,lrawstornjn@latimes.com,Male,28.33.148.37
709,Skippie,Gantzman,sgantzmanjo@google.fr,Male,241.221.134.24
710,Orazio,Beacham,obeachamjp@deliciousdays.com,Male,109.86.41.47
711,Luis,Pedroni,lpedronijq@newsvine.com,Male,121.58.175.63
712,Cordey,Fountian,cfountianjr@princeton.edu,Female,40.253.128.131
713,Dacia,Bembridge,dbembridgejs@sbwire.com,Female,43.18.121.185
714,Nikola,Kinsell,nkinselljt@sourceforge.net,Male,215.203.233.128
715,Jase,Dalgarno,jdalgarnoju@opensource.org,Male,26.194.242.230
716,Blaire,Isard,bisardjv@spotify.com,Female,159.138.35.110
717,Matthew,Newbegin,mnewbeginjw@stumbleupon.com,Male,18.36.60.133
718,Clementius,Squibe,csquibejx@senate.gov,Male,133.215.117.181
719,Dene,Maase,dmaasejy@linkedin.com,Male,104.224.37.224
720,Coraline,Bautiste,cbautistejz@liveinternet.ru,Female,242.241.85.41
721,Corbin,Grafton,cgraftonk0@chronoengine.com,Male,159.43.106.78
722,Eloisa,Carryer,ecarryerk1@yolasite.com,Female,255.141.180.9
723,Carissa,Glentworth,cglentworthk2@google.es,Female,144.1.102.173
724,Morganica,Fortin,mfortink3@nasa.gov,Female,41.18.27.130
725,Marina,Prendeville,mprendevillek4@github.io,Female,28.229.37.226
726,Jillayne,Hans,jhansk5@geocities.com,Female,194.82.65.43
727,Angelica,Bargery,abargeryk6@noaa.gov,Female,7.99.41.200
728,Marissa,Fetherstonhaugh,mfetherstonhaughk7@fda.gov,Female,72.210.56.81
729,Zabrina,Gligori,zgligorik8@sfgate.com,Female,192.108.215.71
730,Sammie,McGaw,smcgawk9@umich.edu,Male,227.14.117.170
731,Vince,Pourveer,vpourveerka@auda.org.au,Male,83.65.50.32
732,Richart,Attyeo,rattyeokb@facebook.com,Male,197.223.93.235
733,Leif,Almon,lalmonkc@amazon.de,Male,131.33.20.144
734,Levy,Leachman,lleachmankd@paginegialle.it,Male,14.100.107.23
735,Blinni,Frizell,bfrizellke@tripadvisor.com,Female,190.192.51.229
736,Ferdie,Prahl,fprahlkf@hubpages.com,Male,81.83.77.45
737,Minna,Kitchingman,mkitchingmankg@booking.com,Female,135.9.226.25
738,Yance,Piwell,ypiwellkh@mit.edu,Male,112.60.203.233
739,Maggi,Michele,mmicheleki@skyrock.com,Female,156.86.161.223
740,Mendy,Benoi,mbenoikj@about.com,Male,215.229.58.126
741,Audy,Luddy,aluddykk@squidoo.com,Female,10.86.99.112
742,Hildy,Di Baudi,hdibaudikl@globo.com,Female,181.189.81.94
743,Jessey,Figurski,jfigurskikm@de.vu,Male,117.144.2.222
744,Gene,Bosher,gbosherkn@theguardian.com,Female,235.126.185.6
745,Tobin,Maren,tmarenko@apple.com,Male,226.32.227.190
746,Cobbie,Dockery,cdockerykp@histats.com,Male,161.156.76.72
747,Fawnia,Carr,fcarrkq@webmd.com,Female,247.226.55.190
748,Mart,Stiles,mstileskr@ft.com,Male,10.155.65.72
749,Arne,Roddam,aroddamks@sfgate.com,Male,94.40.193.109
750,Hayley,O'Geneay,hogeneaykt@list-manage.com,Female,121.101.142.130
751,Galina,Wedon,gwedonku@nhs.uk,Female,145.128.222.93
752,Job,Piola,jpiolakv@tumblr.com,Male,36.62.217.137
753,Stevy,Wrenn,swrennkw@example.com,Male,180.84.44.68
754,Antons,Kellart,akellartkx@comcast.net,Male,145.139.203.247
755,Jodie,Simmings,jsimmingsky@qq.com,Male,208.174.83.164
756,Marni,Rickets,mricketskz@mashable.com,Female,169.48.95.244
757,Carlin,Pavett,cpavettl0@nydailynews.com,Male,95.45.126.106
758,Melly,Jelf,mjelfl1@scientificamerican.com,Female,125.136.24.226
759,Arlee,Tweedle,atweedlel2@unc.edu,Female,102.4.176.109
760,Flem,Rapa,frapal3@accuweather.com,Male,162.243.95.246
761,Korella,Celler,kcellerl4@tmall.com,Female,9.150.195.39
762,Brooke,Murgatroyd,bmurgatroydl5@archive.org,Male,254.33.163.178
763,Claire,Low,clowl6@nymag.com,Male,68.146.53.15
764,Nevil,Letts,nlettsl7@home.pl,Male,148.181.60.136
765,Quintana,Aspall,qaspalll8@fema.gov,Female,18.242.16.67
766,Charo,Fawdry,cfawdryl9@alibaba.com,Female,123.166.245.148
767,Tish,Howes,thowesla@cpanel.net,Female,118.145.172.168
768,Lorry,Dwyer,ldwyerlb@sun.com,Female,72.116.168.37
769,Dottie,Fockes,dfockeslc@1688.com,Female,27.214.98.142
770,Hazel,Freiburger,hfreiburgerld@mediafire.com,Male,129.53.237.119
771,Sadie,Drable,sdrablele@geocities.jp,Female,96.95.83.159
772,Eric,Voak,evoaklf@merriam-webster.com,Male,120.125.109.254
773,Cindie,Massingberd,cmassingberdlg@vk.com,Female,80.220.204.31
774,Bathsheba,Mease,bmeaselh@businessweek.com,Female,120.105.189.65
775,Bogey,Gepson,bgepsonli@senate.gov,Male,81.48.7.21
776,Melisenda,Wilkison,mwilkisonlj@newyorker.com,Female,155.54.213.142
777,Fancy,MacKall,fmackalllk@prlog.org,Female,239.7.16.138
778,Lyssa,Daugherty,ldaughertyll@cnbc.com,Female,121.203.34.125
779,Margette,Barwick,mbarwicklm@google.it,Female,129.246.248.225
780,Bria,Crate,bcrateln@vistaprint.com,Female,181.242.125.122
781,Erin,O'Concannon,eoconcannonlo@jugem.jp,Male,165.229.103.146
782,Jeanine,Fronks,jfronkslp@123-reg.co.uk,Female,49.65.104.6
783,Nance,Domenichini,ndomenichinilq@forbes.com,Female,187.110.194.214
784,Vin,Gerber,vgerberlr@constantcontact.com,Male,191.166.237.17
785,Bobby,Haslum,bhaslumls@nhs.uk,Female,166.219.1.246
786,Adrian,Claypoole,aclaypoolelt@sina.com.cn,Male,180.62.63.177
787,Christy,McKinley,cmckinleylu@china.com.cn,Female,230.42.228.25
788,Christi,MacSkeagan,cmacskeaganlv@t.co,Female,168.113.171.150
789,Marie,Maddox,mmaddoxlw@deliciousdays.com,Female,109.166.141.251
790,Chaim,Escolme,cescolmelx@newsvine.com,Male,173.97.78.128
791,Hadrian,Filip,hfiliply@cnet.com,Male,89.157.80.71
792,Vaughan,Oliphand,voliphandlz@umich.edu,Male,154.8.84.196
793,Waverley,McMickan,wmcmickanm0@123-reg.co.uk,Male,225.101.57.244
794,Em,Pecht,epechtm1@dot.gov,Female,177.40.90.183
795,Thornie,Fairbrace,tfairbracem2@mozilla.com,Male,179.113.61.193
796,Cullen,Bus,cbusm3@google.com,Male,106.102.67.68
797,Bing,Adamek,badamekm4@linkedin.com,Male,94.239.154.171
798,Donalt,Faiers,dfaiersm5@about.com,Male,95.53.199.222
799,Diahann,Pechell,dpechellm6@nytimes.com,Female,248.3.206.189
800,Salomo,Delamar,sdelamarm7@ocn.ne.jp,Male,114.129.30.44
801,Yolane,Colleford,ycollefordm8@dailymotion.com,Female,172.102.144.3
802,Bourke,Moyle,bmoylem9@hud.gov,Male,155.206.61.77
803,Gabie,Barthelme,gbarthelmema@rediff.com,Female,12.0.199.214
804,Mariam,Profit,mprofitmb@pinterest.com,Female,65.99.40.197
805,Julienne,Cleeve,jcleevemc@example.com,Female,33.54.236.242
806,Becky,Lawty,blawtymd@cam.ac.uk,Female,104.137.152.208
807,Alexis,Kaliszewski,akaliszewskime@elpais.com,Male,90.117.101.35
808,Jenine,Dunge,jdungemf@kickstarter.com,Female,160.197.47.20
809,Lenna,Kaines,lkainesmg@washingtonpost.com,Female,128.76.85.20
810,Demetris,Hierro,dhierromh@skype.com,Female,234.248.13.122
811,Skye,Leicester,sleicestermi@marketwatch.com,Male,43.152.217.234
812,Mariejeanne,Mackstead,mmacksteadmj@accuweather.com,Female,73.231.9.175
813,Doti,Prozescky,dprozesckymk@i2i.jp,Female,40.133.53.177
814,Willy,Huey,whueyml@slideshare.net,Male,224.220.102.59
815,August,Eplate,aeplatemm@bloomberg.com,Male,255.216.189.98
816,Harlen,Streatley,hstreatleymn@phpbb.com,Male,214.146.135.116
817,Ronna,Bourthoumieux,rbourthoumieuxmo@gizmodo.com,Female,187.234.56.254
818,Jenica,Rosoni,jrosonimp@elpais.com,Female,125.79.197.242
819,Mattheus,Malim,mmalimmq@apple.com,Male,61.197.14.16
820,Hulda,Sherar,hsherarmr@loc.gov,Female,5.46.60.39
821,Barbabas,Prescott,bprescottms@arizona.edu,Male,41.226.254.217
822,Byrom,Buckerfield,bbuckerfieldmt@va.gov,Male,118.128.223.118
823,Shelagh,Errey,serreymu@gnu.org,Female,54.88.73.9
824,Michel,Drance,mdrancemv@cam.ac.uk,Female,191.246.147.173
825,Chariot,Bullcock,cbullcockmw@mapy.cz,Male,18.155.215.243
826,Braden,Lemanu,blemanumx@newsvine.com,Male,44.62.47.73
827,Lucas,People,lpeoplemy@typepad.com,Male,38.212.141.127
828,Lorilyn,Chatteris,lchatterismz@hp.com,Female,240.163.133.10
829,Pren,Guyet,pguyetn0@amazonaws.com,Male,236.104.250.252
830,Alisa,Leedes,aleedesn1@timesonline.co.uk,Female,237.141.238.76
831,Peirce,Perago,pperagon2@weibo.com,Male,136.250.14.39
832,Ikey,Hatley,ihatleyn3@economist.com,Male,37.48.239.250
833,Delinda,Maunders,dmaundersn4@is.gd,Female,89.69.216.128
834,Gawain,Bowers,gbowersn5@noaa.gov,Male,110.254.101.30
835,Nanice,Ilymanov,nilymanovn6@tiny.cc,Female,14.45.250.0
836,Dewey,Gomme,dgommen7@dedecms.com,Male,147.147.240.199
837,Hertha,Quarlis,hquarlisn8@theguardian.com,Female,195.99.179.15
838,Ugo,Jovasevic,ujovasevicn9@naver.com,Male,247.5.240.131
839,Dominic,Watkiss,dwatkissna@google.de,Male,255.59.161.179
840,Redford,Matfin,rmatfinnb@weibo.com,Male,226.133.68.24
841,Shelia,Meachen,smeachennc@springer.com,Female,68.211.198.15
842,Agace,Halcro,ahalcrond@wikipedia.org,Female,137.249.29.177
843,Wilma,Golda,wgoldane@linkedin.com,Female,37.19.141.220
844,Maurise,Freeburn,mfreeburnnf@a8.net,Female,40.153.72.198
845,Nickie,Da Costa,ndacostang@example.com,Male,233.67.40.105
846,Ettore,McNicol,emcnicolnh@de.vu,Male,255.209.203.184
847,Tallie,Cloy,tcloyni@ted.com,Female,206.77.107.159
848,Kerrill,Rapa,krapanj@intel.com,Female,47.25.52.181
849,Renelle,Crossthwaite,rcrossthwaitenk@dot.gov,Female,148.107.93.238
850,Sarine,Prin,sprinnl@fema.gov,Female,197.219.80.203
851,Teador,Sidebottom,tsidebottomnm@slashdot.org,Male,161.111.96.154
852,Meryl,Allinson,mallinsonnn@shutterfly.com,Male,83.123.213.167
853,Shannon,Gregoriou,sgregoriouno@xinhuanet.com,Female,80.220.241.179
854,Alexei,Davidesco,adavidesconp@vinaora.com,Male,108.180.182.126
855,Merrill,Folonin,mfoloninnq@printfriendly.com,Female,213.243.133.10
856,Betty,Brastead,bbrasteadnr@cbsnews.com,Female,118.180.1.178
857,Coleen,Tinto,ctintons@blogs.com,Female,132.27.148.17
858,Dante,Emmet,demmetnt@istockphoto.com,Male,238.138.66.65
859,Shaylyn,Cuckoo,scuckoonu@europa.eu,Female,39.29.180.212
860,Edgard,Ratke,eratkenv@wikispaces.com,Male,211.103.118.44
861,Lonnie,Manthroppe,lmanthroppenw@fema.gov,Male,28.209.238.89
862,Anatol,Ayree,aayreenx@gravatar.com,Male,251.114.124.80
863,Kristian,Frankham,kfrankhamny@example.com,Male,128.163.72.3
864,Andras,Ughelli,aughellinz@businessinsider.com,Male,89.171.38.144
865,Binni,Culham,bculhamo0@businesswire.com,Female,123.120.90.136
866,Vivien,Capponeer,vcapponeero1@slate.com,Female,158.235.96.214
867,Auberon,Coombes,acoombeso2@cocolog-nifty.com,Male,219.201.55.27
868,Dalston,Gallehock,dgallehocko3@cyberchimps.com,Male,121.121.184.28
869,Yoshiko,Athey,yatheyo4@scientificamerican.com,Female,171.38.203.141
870,Selig,Halle,shalleo5@guardian.co.uk,Male,160.254.77.219
871,Ardith,Aspinell,aaspinello6@phoca.cz,Female,159.177.61.173
872,Josie,Kisbee,jkisbeeo7@imgur.com,Female,238.240.3.3
873,Meridel,Bruntje,mbruntjeo8@webnode.com,Female,236.249.165.247
874,Stavros,Pegram,spegramo9@umich.edu,Male,5.15.57.246
875,Cordy,Townrow,ctownrowoa@bloglovin.com,Male,40.232.135.49
876,Cash,Haws,chawsob@berkeley.edu,Male,93.204.13.37
877,Bria,Keattch,bkeattchoc@stanford.edu,Female,155.211.101.106
878,Chick,MacKey,cmackeyod@tuttocitta.it,Male,248.166.218.39
879,Jeanine,Battell,jbattelloe@smugmug.com,Female,48.72.224.143
880,Maggie,Lean,mleanof@disqus.com,Female,149.224.119.190
881,Maureene,Benitti,mbenittiog@tmall.com,Female,132.139.227.215
882,Shay,Faucett,sfaucettoh@e-recht24.de,Male,149.194.215.5
883,Kaylil,Kirke,kkirkeoi@cisco.com,Female,174.106.127.248
884,Jaime,Jaeggi,jjaeggioj@163.com,Male,90.12.30.72
885,Lynelle,Cholonin,lcholoninok@accuweather.com,Female,247.19.61.185
886,Deane,Salomon,dsalomonol@wsj.com,Male,152.189.60.84
887,Aloisia,Suddards,asuddardsom@ocn.ne.jp,Female,139.152.195.92
888,Chickie,Emnoney,cemnoneyon@hp.com,Female,60.41.25.8
889,Griffith,Fawke,gfawkeoo@163.com,Male,48.75.59.141
890,Jeramey,Slowcock,jslowcockop@va.gov,Male,66.201.128.120
891,Jasmina,Klisch,jklischoq@shinystat.com,Female,71.7.132.50
892,Dino,Eadington,deadingtonor@goo.gl,Male,6.233.70.91
893,Findlay,Stroud,fstroudos@eepurl.com,Male,120.103.247.163
894,Farlie,Abelevitz,fabelevitzot@apache.org,Male,235.217.145.232
895,Johnny,Braunle,jbraunleou@hugedomains.com,Male,118.212.53.38
896,Ernst,Junifer,ejuniferov@flickr.com,Male,83.131.179.91
897,Belle,Blunn,bblunnow@webeden.co.uk,Female,190.255.113.160
898,Errick,Rubinfajn,erubinfajnox@hatena.ne.jp,Male,201.48.53.166
899,Nicki,MacGarvey,nmacgarveyoy@macromedia.com,Female,121.86.66.160
900,Nestor,Goldin,ngoldinoz@theatlantic.com,Male,231.189.121.91
901,Felisha,Jorgesen,fjorgesenp0@washingtonpost.com,Female,219.103.62.125
902,Gill,Foxton,gfoxtonp1@nba.com,Female,86.9.25.131
903,Wash,Bagwell,wbagwellp2@topsy.com,Male,98.0.57.16
904,Jamil,Winsor,jwinsorp3@squarespace.com,Male,167.229.124.251
905,Tam,Eddies,teddiesp4@jimdo.com,Male,86.131.198.255
906,Bearnard,Tighe,btighep5@artisteer.com,Male,59.144.254.123
907,Jeremias,Serck,jserckp6@marketwatch.com,Male,134.207.28.55
908,Meade,Bridle,mbridlep7@nbcnews.com,Female,168.25.201.111
909,Ximenes,Vallentin,xvallentinp8@europa.eu,Male,210.110.94.234
910,Pammie,Skedgell,pskedgellp9@vistaprint.com,Female,157.83.78.218
911,Lynette,Cumberlidge,lcumberlidgepa@disqus.com,Female,75.42.241.255
912,Conrad,Elnaugh,celnaughpb@diigo.com,Male,176.83.212.118
913,Joshia,Malicki,jmalickipc@ucoz.ru,Male,139.47.154.89
914,Patrizius,Shellard,pshellardpd@delicious.com,Male,25.124.102.51
915,Rodolph,McQuaker,rmcquakerpe@technorati.com,Male,107.14.144.153
916,Quinton,Cawdell,qcawdellpf@ifeng.com,Male,40.212.219.95
917,Wiley,Wyeth,wwyethpg@tripod.com,Male,251.206.25.146
918,Glenna,Ivanikhin,givanikhinph@cnn.com,Female,188.202.183.154
919,Daisie,Daice,ddaicepi@npr.org,Female,91.205.16.90
920,Janna,Moors,jmoorspj@symantec.com,Female,250.44.10.124
921,Paquito,Barkshire,pbarkshirepk@pbs.org,Male,184.176.26.203
922,Vonni,Nunan,vnunanpl@aol.com,Female,24.241.127.124
923,Brander,Rosencrantz,brosencrantzpm@free.fr,Male,49.198.28.171
924,Araldo,O'Shevlan,aoshevlanpn@drupal.org,Male,91.82.81.3
925,Federica,Judron,fjudronpo@lycos.com,Female,110.8.9.199
926,Yasmin,Gillian,ygillianpp@goo.ne.jp,Female,49.148.34.53
927,Elisabeth,Heart,eheartpq@spotify.com,Female,194.86.112.117
928,Harper,Grieve,hgrievepr@posterous.com,Male,149.66.197.2
929,Benjie,Weedall,bweedallps@home.pl,Male,220.226.70.52
930,Arabela,Stairmand,astairmandpt@soundcloud.com,Female,167.173.230.22
931,Jemie,Vanner,jvannerpu@slideshare.net,Female,112.161.172.144
932,Coleman,Shird,cshirdpv@amazonaws.com,Male,44.73.27.138
933,Roslyn,Loughnan,rloughnanpw@bloglines.com,Female,12.220.118.118
934,Pansie,McClory,pmcclorypx@meetup.com,Female,153.176.92.153
935,Maximilianus,Pettisall,mpettisallpy@cbslocal.com,Male,204.217.49.245
936,Hall,Berns,hbernspz@over-blog.com,Male,197.177.31.207
937,Bennie,Myton,bmytonq0@japanpost.jp,Male,249.114.85.93
938,Clarine,Southcott,csouthcottq1@google.com.au,Female,206.180.158.255
939,Gregoor,Martignon,gmartignonq2@bravesites.com,Male,80.159.138.71
940,Adrianna,Skeleton,askeletonq3@bluehost.com,Female,87.1.222.235
941,Ozzie,de Copeman,odecopemanq4@java.com,Male,81.94.95.154
942,Brodie,Surr,bsurrq5@1688.com,Male,182.49.62.195
943,Gasparo,Cudby,gcudbyq6@army.mil,Male,182.108.123.200
944,Kittie,De Gregario,kdegregarioq7@sciencedaily.com,Female,133.76.70.201
945,Charil,Tomashov,ctomashovq8@imgur.com,Female,195.83.220.151
946,Lee,Gosneye,lgosneyeq9@youtube.com,Male,97.48.46.216
947,Brad,McComiskie,bmccomiskieqa@census.gov,Male,121.111.48.54
948,Daffy,Duerden,dduerdenqb@google.ca,Female,201.2.11.47
949,Tandy,Zoppie,tzoppieqc@kickstarter.com,Female,87.78.85.143
950,Matthias,Huncote,mhuncoteqd@epa.gov,Male,235.38.123.176
951,Nicol,Campling,ncamplingqe@arstechnica.com,Male,152.249.194.227
952,Sibylle,Shotbolt,sshotboltqf@statcounter.com,Female,20.222.117.195
953,Asher,Keaveney,akeaveneyqg@indiatimes.com,Male,82.154.168.6
954,Regen,Martlew,rmartlewqh@smugmug.com,Male,30.28.134.133
955,Weider,Robarts,wrobartsqi@accuweather.com,Male,199.25.35.220
956,Veradis,Dhennin,vdhenninqj@smh.com.au,Female,109.122.134.91
957,Frasco,Puddan,fpuddanqk@abc.net.au,Male,167.168.193.0
958,Hillary,Lescop,hlescopql@drupal.org,Female,137.163.8.200
959,Maisey,Sandeman,msandemanqm@columbia.edu,Female,112.217.59.11
960,Dominga,Bodesson,dbodessonqn@ow.ly,Female,5.205.1.193
961,Julita,Dyne,jdyneqo@pagesperso-orange.fr,Female,119.140.14.134
962,Sylvan,Rothera,srotheraqp@jiathis.com,Male,200.158.152.17
963,Spike,Durston,sdurstonqq@plala.or.jp,Male,111.242.111.144
964,Towny,Lease,tleaseqr@wikimedia.org,Male,145.23.47.55
965,Sharl,Teaz,steazqs@yellowpages.com,Female,120.111.102.92
966,Stafford,Birnie,sbirnieqt@google.fr,Male,248.0.107.92
967,Darryl,Mansour,dmansourqu@princeton.edu,Male,117.158.96.221
968,Talyah,Paiton,tpaitonqv@dagondesign.com,Female,159.211.174.213
969,Rebekah,Thursby,rthursbyqw@cnbc.com,Female,18.236.218.130
970,Lorna,Itskovitz,litskovitzqx@seattletimes.com,Female,159.87.188.4
971,Filmore,Goodliffe,fgoodliffeqy@tinypic.com,Male,213.34.120.12
972,Kirbie,Dawtrey,kdawtreyqz@guardian.co.uk,Female,110.242.79.117
973,Adora,Renton,arentonr0@php.net,Female,158.82.0.219
974,Alexi,Wildgoose,awildgooser1@bloglines.com,Female,204.250.1.65
975,Tann,Eadington,teadingtonr2@bbc.co.uk,Male,117.126.101.147
976,Mandi,Aronovitz,maronovitzr3@eepurl.com,Female,106.121.16.121
977,Cristine,Kenson,ckensonr4@simplemachines.org,Female,196.72.17.34
978,Brenn,Grizard,bgrizardr5@un.org,Female,138.166.195.152
979,Nichol,Voisey,nvoiseyr6@army.mil,Female,230.163.97.0
980,Cherida,Martinetto,cmartinettor7@squidoo.com,Female,86.169.221.216
981,Bernete,Weeden,bweedenr8@nhs.uk,Female,181.189.148.205
982,Micaela,Walcher,mwalcherr9@1und1.de,Female,38.234.171.224
983,Mari,Pyke,mpykera@skyrock.com,Female,98.3.190.136
984,Binnie,Hatliff,bhatliffrb@mediafire.com,Female,79.13.237.180
985,Helen-elizabeth,Jendrys,hjendrysrc@shop-pro.jp,Female,189.205.5.155
986,Alistair,Morrallee,amorralleerd@yale.edu,Male,237.238.118.240
987,Eva,Althorpe,ealthorpere@china.com.cn,Female,99.84.71.46
988,Misty,Raddish,mraddishrf@stanford.edu,Female,223.251.166.158
989,Nikolaus,Sager,nsagerrg@go.com,Male,200.7.168.194
990,Colver,Renehan,crenehanrh@epa.gov,Male,174.16.158.81
991,Simone,Shalcros,sshalcrosri@ebay.co.uk,Female,173.118.249.247
992,Ingar,Belson,ibelsonrj@cdbaby.com,Male,140.22.162.125
993,Vonny,Paullin,vpaullinrk@cocolog-nifty.com,Female,72.118.96.220
994,Monty,Blessed,mblessedrl@cocolog-nifty.com,Male,77.203.169.100
995,Lazar,Clunie,lclunierm@wired.com,Male,103.101.22.204
996,Albie,Ravel,aravelrn@infoseek.co.jp,Male,227.99.56.141
997,Noll,Cutforth,ncutforthro@xinhuanet.com,Male,43.194.16.225
998,Nixie,Osant,nosantrp@salon.com,Female,0.224.169.68
999,Nissy,Slowly,nslowlyrq@si.edu,Female,87.247.180.220
1000,Lucina,Rutigliano,lrutiglianorr@census.gov,Female,145.103.186.109
